id,labels,miner,rust,phoma,healthy,num_dis
0,3,0,0,0,1,0
1,3,0,0,0,1,0
2,3,0,0,0,1,0
3,3,0,0,0,1,0
4,3,0,0,0,1,0
5,3,0,0,0,1,0
6,3,0,0,0,1,0
7,3,0,0,0,1,0
8,3,0,0,0,1,0
9,3,0,0,0,1,0
10,3,0,0,0,1,0
11,3,0,0,0,1,0
12,3,0,0,0,1,0
13,3,0,0,0,1,0
14,3,0,0,0,1,0
15,3,0,0,0,1,0
16,2,0,0,1,0,1
17,2,0,0,1,0,1
18,2,0,0,1,0,1
19,2,0,0,1,0,1
20,0,1,0,0,0,1
21,0,1,0,0,0,1
22,0,1,0,0,0,1
23,0,1,0,0,0,1
24,0,1,0,0,0,1
25,0,1,0,0,0,1
26,0,1,0,0,0,1
27,0,1,0,0,0,1
28,0,1,0,0,0,1
29,0,1,0,0,0,1
30,0,1,0,0,0,1
31,0,1,0,0,0,1
32,0,1,0,0,0,1
33,0,1,0,0,0,1
34,0,1,0,0,0,1
35,0,1,0,0,0,1
36,0,1,0,0,0,1
37,0,1,0,0,0,1
38,0,1,0,0,0,1
39,0,1,0,0,0,1
40,0,1,0,0,0,1
41,0,1,0,0,0,1
42,0,1,0,0,0,1
43,0,1,0,0,0,1
44,0,1,1,0,0,2
45,0,1,1,0,0,2
46,0,1,1,0,0,2
47,0,1,1,0,0,2
48,0,1,1,0,0,2
49,0,1,1,0,0,2
50,0,1,1,0,0,2
51,0,1,1,0,0,2
52,0,1,0,0,0,1
53,0,1,0,0,0,1
54,0,1,0,0,0,1
55,0,1,0,0,0,1
56,0,1,0,0,0,1
57,0,1,0,0,0,1
58,0,1,0,0,0,1
59,0,1,0,0,0,1
60,0,1,0,0,0,1
61,0,1,0,0,0,1
62,0,1,0,0,0,1
63,0,1,0,0,0,1
100,0,1,0,0,0,1
101,0,1,0,0,0,1
102,0,1,0,0,0,1
103,0,1,0,0,0,1
104,0,1,0,0,0,1
105,0,1,0,0,0,1
106,0,1,0,0,0,1
107,0,1,0,0,0,1
108,0,1,0,0,0,1
109,0,1,0,0,0,1
110,0,1,0,0,0,1
111,0,1,0,0,0,1
112,0,1,0,0,0,1
113,0,1,0,0,0,1
114,0,1,0,0,0,1
115,0,1,0,0,0,1
116,0,1,0,0,0,1
117,0,1,0,0,0,1
118,0,1,0,0,0,1
119,0,1,0,0,0,1
120,0,1,0,0,0,1
121,0,1,0,0,0,1
122,0,1,0,0,0,1
123,0,1,0,0,0,1
124,0,1,0,0,0,1
125,0,1,0,0,0,1
126,0,1,0,0,0,1
127,0,1,0,0,0,1
128,1,0,1,0,0,1
129,1,0,1,0,0,1
130,1,0,1,0,0,1
131,1,0,1,0,0,1
132,1,0,1,0,0,1
133,1,0,1,0,0,1
134,1,0,1,0,0,1
135,1,0,1,0,0,1
136,1,0,1,0,0,1
137,1,0,1,0,0,1
138,1,0,1,0,0,1
139,1,0,1,0,0,1
140,1,0,1,0,0,1
141,1,0,1,0,0,1
142,1,0,1,0,0,1
143,1,0,1,0,0,1
144,1,0,1,0,0,1
145,1,0,1,0,0,1
146,1,0,1,0,0,1
147,1,0,1,0,0,1
148,1,0,1,0,0,1
149,1,0,1,0,0,1
150,1,0,1,0,0,1
151,1,0,1,0,0,1
152,1,0,1,0,0,1
153,1,0,1,0,0,1
154,1,0,1,0,0,1
155,1,0,1,0,0,1
156,1,0,1,0,0,1
157,1,0,1,0,0,1
158,1,0,1,0,0,1
159,1,0,1,0,0,1
160,1,0,1,0,0,1
161,1,0,1,0,0,1
162,1,0,1,0,0,1
163,1,0,1,0,0,1
164,1,0,1,0,0,1
165,1,0,1,0,0,1
166,1,0,1,0,0,1
167,1,0,1,0,0,1
168,1,0,1,0,0,1
169,1,0,1,0,0,1
170,1,0,1,0,0,1
171,1,0,1,0,0,1
172,1,0,1,0,0,1
173,1,0,1,0,0,1
174,1,0,1,0,0,1
175,1,0,1,0,0,1
176,1,0,1,0,0,1
177,1,0,1,0,0,1
178,1,0,1,0,0,1
179,1,0,1,0,0,1
180,1,0,1,0,0,1
181,1,0,1,0,0,1
182,1,0,1,0,0,1
183,1,0,1,0,0,1
184,1,0,1,0,0,1
185,1,0,1,0,0,1
186,1,0,1,0,0,1
187,1,0,1,0,0,1
188,3,0,0,0,1,0
189,3,0,0,0,1,0
190,3,0,0,0,1,0
191,3,0,0,0,1,0
192,3,0,0,0,1,0
193,3,0,0,0,1,0
194,3,0,0,0,1,0
195,3,0,0,0,1,0
196,3,0,0,0,1,0
197,3,0,0,0,1,0
198,3,0,0,0,1,0
199,3,0,0,0,1,0
200,3,0,0,0,1,0
201,3,0,0,0,1,0
202,3,0,0,0,1,0
203,3,0,0,0,1,0
204,3,0,0,0,1,0
205,3,0,0,0,1,0
206,3,0,0,0,1,0
207,3,0,0,0,1,0
208,3,0,0,0,1,0
209,3,0,0,0,1,0
210,3,0,0,0,1,0
211,3,0,0,0,1,0
212,3,0,0,0,1,0
213,3,0,0,0,1,0
214,3,0,0,0,1,0
215,3,0,0,0,1,0
216,0,1,0,0,0,1
217,0,1,0,0,0,1
218,0,1,0,0,0,1
219,0,1,0,0,0,1
220,0,1,0,0,0,1
221,0,1,0,0,0,1
222,0,1,0,0,0,1
223,0,1,0,0,0,1
224,0,1,0,0,0,1
225,0,1,0,0,0,1
226,0,1,0,0,0,1
227,0,1,0,0,0,1
228,0,1,0,0,0,1
229,0,1,0,0,0,1
230,0,1,0,0,0,1
231,0,1,0,0,0,1
232,0,1,0,0,0,1
233,0,1,0,0,0,1
234,0,1,0,0,0,1
235,0,1,0,0,0,1
236,0,1,0,0,0,1
237,0,1,0,0,0,1
238,0,1,0,0,0,1
239,0,1,0,0,0,1
240,2,0,0,1,0,1
241,2,0,0,1,0,1
242,2,0,0,1,0,1
243,2,0,0,1,0,1
244,2,0,0,1,0,1
245,2,0,0,1,0,1
246,2,0,0,1,0,1
247,2,0,0,1,0,1
248,2,0,0,1,0,1
249,2,0,0,1,0,1
250,2,0,0,1,0,1
251,2,0,0,1,0,1
252,2,0,0,1,0,1
253,2,0,0,1,0,1
254,2,0,0,1,0,1
255,2,0,0,1,0,1
256,2,0,0,1,0,1
257,2,0,0,1,0,1
258,2,0,0,1,0,1
259,2,0,0,1,0,1
260,2,0,0,1,0,1
261,2,0,0,1,0,1
262,2,0,0,1,0,1
263,2,0,0,1,0,1
264,2,0,0,1,0,1
265,2,0,0,1,0,1
266,2,0,0,1,0,1
267,2,0,0,1,0,1
268,2,0,0,1,0,1
269,2,0,0,1,0,1
270,2,0,0,1,0,1
271,2,0,0,1,0,1
272,2,0,0,1,0,1
273,2,0,0,1,0,1
274,2,0,0,1,0,1
275,2,0,0,1,0,1
276,2,0,0,1,0,1
277,2,0,0,1,0,1
278,2,0,0,1,0,1
279,2,0,0,1,0,1
280,2,0,0,1,0,1
281,2,0,0,1,0,1
282,2,0,0,1,0,1
283,2,0,0,1,0,1
284,2,0,0,1,0,1
285,2,0,0,1,0,1
286,2,0,0,1,0,1
287,2,0,0,1,0,1
288,2,0,0,1,0,1
289,2,0,0,1,0,1
290,2,0,0,1,0,1
291,2,0,0,1,0,1
292,2,0,0,1,0,1
293,2,0,0,1,0,1
294,2,0,0,1,0,1
295,2,0,0,1,0,1
296,2,0,0,1,0,1
297,2,0,0,1,0,1
298,2,0,0,1,0,1
299,2,0,0,1,0,1
300,2,0,0,1,0,1
301,2,0,0,1,0,1
302,2,0,0,1,0,1
303,2,0,0,1,0,1
304,2,0,0,1,0,1
305,2,0,0,1,0,1
306,2,0,0,1,0,1
307,2,0,0,1,0,1
308,2,0,0,1,0,1
309,2,0,0,1,0,1
310,2,0,0,1,0,1
311,2,0,0,1,0,1
312,2,0,0,1,0,1
313,2,0,0,1,0,1
314,2,0,0,1,0,1
315,2,0,0,1,0,1
316,2,0,0,1,0,1
317,2,0,0,1,0,1
318,2,0,0,1,0,1
319,2,0,0,1,0,1
320,2,0,0,1,0,1
321,2,0,0,1,0,1
322,2,0,0,1,0,1
323,2,0,0,1,0,1
324,2,0,0,1,0,1
325,2,0,0,1,0,1
326,2,0,0,1,0,1
327,2,0,0,1,0,1
328,2,0,0,1,0,1
329,2,0,0,1,0,1
330,2,0,0,1,0,1
331,2,0,0,1,0,1
332,2,0,0,1,0,1
333,2,0,0,1,0,1
334,2,0,0,1,0,1
335,2,0,0,1,0,1
336,2,0,0,1,0,1
337,2,0,0,1,0,1
338,2,0,0,1,0,1
339,2,0,0,1,0,1
340,2,0,0,1,0,1
341,2,0,0,1,0,1
342,2,0,0,1,0,1
343,2,0,0,1,0,1
344,2,0,0,1,0,1
345,2,0,0,1,0,1
346,2,0,0,1,0,1
347,2,0,0,1,0,1
348,2,0,0,1,0,1
349,2,0,0,1,0,1
350,2,0,0,1,0,1
351,2,0,0,1,0,1
352,2,0,0,1,0,1
353,2,0,0,1,0,1
354,2,0,0,1,0,1
355,2,0,0,1,0,1
356,2,0,0,1,0,1
357,2,0,0,1,0,1
358,2,0,0,1,0,1
359,2,0,0,1,0,1
360,2,0,0,1,0,1
361,2,0,0,1,0,1
362,2,0,0,1,0,1
363,2,0,0,1,0,1
364,2,0,0,1,0,1
365,2,0,0,1,0,1
366,2,0,0,1,0,1
367,2,0,0,1,0,1
368,2,0,0,1,0,1
369,2,0,0,1,0,1
370,2,0,0,1,0,1
371,2,0,0,1,0,1
372,2,0,0,1,0,1
373,2,0,0,1,0,1
374,2,0,0,1,0,1
375,2,0,0,1,0,1
376,2,0,0,1,0,1
377,2,0,0,1,0,1
378,2,0,0,1,0,1
379,2,0,0,1,0,1
380,2,0,0,1,0,1
381,2,0,0,1,0,1
382,2,0,0,1,0,1
383,2,0,0,1,0,1
384,2,0,0,1,0,1
385,2,0,0,1,0,1
386,2,0,0,1,0,1
387,2,0,0,1,0,1
388,2,0,0,1,0,1
389,2,0,0,1,0,1
390,2,0,0,1,0,1
391,2,0,0,1,0,1
392,2,0,0,1,0,1
393,2,0,0,1,0,1
394,2,0,0,1,0,1
395,2,0,0,1,0,1
396,2,0,0,1,0,1
397,2,0,0,1,0,1
398,2,0,0,1,0,1
399,2,0,0,1,0,1
400,2,0,0,1,0,1
401,2,0,0,1,0,1
402,2,0,0,1,0,1
403,2,0,0,1,0,1
404,2,0,0,1,0,1
405,2,0,0,1,0,1
406,2,0,0,1,0,1
407,2,0,0,1,0,1
408,2,0,0,1,0,1
409,2,0,0,1,0,1
410,2,0,0,1,0,1
411,2,0,0,1,0,1
412,2,0,0,1,0,1
413,2,0,0,1,0,1
414,2,0,0,1,0,1
415,2,0,0,1,0,1
416,2,0,0,1,0,1
417,2,0,0,1,0,1
418,2,0,0,1,0,1
419,2,0,0,1,0,1
420,2,0,0,1,0,1
421,2,0,0,1,0,1
422,2,0,0,1,0,1
423,2,0,0,1,0,1
424,2,0,0,1,0,1
425,2,0,0,1,0,1
426,2,0,0,1,0,1
427,2,0,0,1,0,1
428,2,0,0,1,0,1
429,2,0,0,1,0,1
430,2,0,0,1,0,1
431,2,0,0,1,0,1
432,2,0,0,1,0,1
433,2,0,0,1,0,1
434,2,0,0,1,0,1
435,2,0,0,1,0,1
436,2,0,0,1,0,1
437,2,0,0,1,0,1
438,2,0,0,1,0,1
439,2,0,0,1,0,1
440,2,0,0,1,0,1
441,2,0,0,1,0,1
442,2,0,0,1,0,1
443,2,0,0,1,0,1
444,2,0,0,1,0,1
445,2,0,0,1,0,1
446,2,0,0,1,0,1
447,2,0,0,1,0,1
448,2,0,0,1,0,1
449,2,0,0,1,0,1
450,2,0,0,1,0,1
451,2,0,0,1,0,1
452,2,0,0,1,0,1
453,2,0,0,1,0,1
454,2,0,0,1,0,1
455,2,0,0,1,0,1
456,2,0,0,1,0,1
457,2,0,0,1,0,1
458,2,0,0,1,0,1
459,2,0,0,1,0,1
460,2,0,0,1,0,1
461,2,0,0,1,0,1
462,2,0,0,1,0,1
463,2,0,0,1,0,1
464,2,0,0,1,0,1
465,2,0,0,1,0,1
466,2,0,0,1,0,1
467,2,0,0,1,0,1
468,2,0,0,1,0,1
469,2,0,0,1,0,1
470,2,0,0,1,0,1
471,2,0,0,1,0,1
472,2,0,0,1,0,1
473,2,0,0,1,0,1
474,2,0,0,1,0,1
475,2,0,0,1,0,1
476,2,0,0,1,0,1
477,2,0,0,1,0,1
478,2,0,0,1,0,1
479,2,0,0,1,0,1
480,2,0,0,1,0,1
481,2,0,0,1,0,1
482,2,0,0,1,0,1
483,2,0,0,1,0,1
484,2,0,0,1,0,1
485,2,0,0,1,0,1
486,2,0,0,1,0,1
487,2,0,0,1,0,1
488,2,0,0,1,0,1
489,2,0,0,1,0,1
490,2,0,0,1,0,1
491,2,0,0,1,0,1
492,2,0,0,1,0,1
493,2,0,0,1,0,1
494,2,0,0,1,0,1
495,2,0,0,1,0,1
496,2,0,0,1,0,1
497,2,0,0,1,0,1
498,2,0,0,1,0,1
499,2,0,0,1,0,1
600,2,0,0,1,0,1
601,2,0,0,1,0,1
602,2,0,0,1,0,1
603,2,0,0,1,0,1
604,2,0,0,1,0,1
605,2,0,0,1,0,1
606,2,0,0,1,0,1
607,2,0,0,1,0,1
608,2,0,0,1,0,1
609,2,0,0,1,0,1
610,2,0,0,1,0,1
611,2,0,0,1,0,1
612,2,0,0,1,0,1
613,2,0,0,1,0,1
614,2,0,0,1,0,1
615,2,0,0,1,0,1
616,2,0,0,1,0,1
617,2,0,0,1,0,1
618,2,0,0,1,0,1
619,2,0,0,1,0,1
620,2,0,0,1,0,1
621,2,0,0,1,0,1
622,2,0,0,1,0,1
623,2,0,0,1,0,1
624,2,0,0,1,0,1
625,2,0,0,1,0,1
626,2,0,0,1,0,1
627,2,0,0,1,0,1
628,2,0,0,1,0,1
629,2,0,0,1,0,1
630,2,0,0,1,0,1
631,2,0,0,1,0,1
632,2,0,0,1,0,1
633,2,0,0,1,0,1
634,2,0,0,1,0,1
635,2,0,0,1,0,1
636,2,0,0,1,0,1
637,2,0,0,1,0,1
638,2,0,0,1,0,1
639,2,0,0,1,0,1
640,2,0,0,1,0,1
641,2,0,0,1,0,1
642,2,0,0,1,0,1
643,2,0,0,1,0,1
644,2,0,0,1,0,1
645,2,0,0,1,0,1
646,2,0,0,1,0,1
647,2,0,0,1,0,1
648,1,0,1,0,0,1
649,1,0,1,0,0,1
650,1,0,1,0,0,1
651,1,0,1,0,0,1
652,2,0,0,1,0,1
653,2,0,0,1,0,1
654,2,0,0,1,0,1
655,2,0,0,1,0,1
656,2,0,0,1,0,1
657,2,0,0,1,0,1
658,2,0,0,1,0,1
659,2,0,0,1,0,1
660,2,0,0,1,0,1
661,2,0,0,1,0,1
662,2,0,0,1,0,1
663,2,0,0,1,0,1
664,2,0,0,1,0,1
665,2,0,0,1,0,1
666,2,0,0,1,0,1
667,2,0,0,1,0,1
668,2,0,0,1,0,1
669,2,0,0,1,0,1
670,2,0,0,1,0,1
671,2,0,0,1,0,1
672,2,0,0,1,0,1
673,2,0,0,1,0,1
674,2,0,0,1,0,1
675,2,0,0,1,0,1
676,2,0,0,1,0,1
677,2,0,0,1,0,1
678,2,0,0,1,0,1
679,2,0,0,1,0,1
680,2,0,0,1,0,1
681,2,0,0,1,0,1
682,2,0,0,1,0,1
683,2,0,0,1,0,1
684,0,1,0,0,0,1
685,0,1,0,0,0,1
686,0,1,0,0,0,1
687,0,1,0,0,0,1
688,3,0,0,0,1,0
689,3,0,0,0,1,0
690,3,0,0,0,1,0
691,3,0,0,0,1,0
692,3,0,0,0,1,0
693,3,0,0,0,1,0
694,3,0,0,0,1,0
695,3,0,0,0,1,0
696,3,0,0,0,1,0
697,3,0,0,0,1,0
698,3,0,0,0,1,0
699,3,0,0,0,1,0
700,3,0,0,0,1,0
701,3,0,0,0,1,0
702,3,0,0,0,1,0
703,3,0,0,0,1,0
704,0,1,1,0,0,2
705,0,1,1,0,0,2
706,0,1,1,0,0,2
707,0,1,1,0,0,2
708,2,0,0,1,0,1
709,2,0,0,1,0,1
710,2,0,0,1,0,1
711,2,0,0,1,0,1
712,1,0,1,0,0,1
713,1,0,1,0,0,1
714,1,0,1,0,0,1
715,1,0,1,0,0,1
716,1,0,1,0,0,1
717,1,0,1,0,0,1
718,1,0,1,0,0,1
719,1,0,1,0,0,1
720,3,0,0,0,1,0
721,3,0,0,0,1,0
722,3,0,0,0,1,0
723,3,0,0,0,1,0
724,3,0,0,0,1,0
725,3,0,0,0,1,0
726,3,0,0,0,1,0
727,3,0,0,0,1,0
728,2,0,0,1,0,1
729,2,0,0,1,0,1
730,2,0,0,1,0,1
731,2,0,0,1,0,1
732,1,0,1,0,0,1
733,1,0,1,0,0,1
734,1,0,1,0,0,1
735,1,0,1,0,0,1
736,2,0,0,1,0,1
737,2,0,0,1,0,1
738,2,0,0,1,0,1
739,2,0,0,1,0,1
740,3,0,0,0,1,0
741,3,0,0,0,1,0
742,3,0,0,0,1,0
743,3,0,0,0,1,0
744,3,0,0,0,1,0
745,3,0,0,0,1,0
746,3,0,0,0,1,0
747,3,0,0,0,1,0
748,3,0,0,0,1,0
749,3,0,0,0,1,0
750,3,0,0,0,1,0
751,3,0,0,0,1,0
752,3,0,0,0,1,0
753,3,0,0,0,1,0
754,3,0,0,0,1,0
755,3,0,0,0,1,0
756,2,0,0,1,0,1
757,2,0,0,1,0,1
758,2,0,0,1,0,1
759,2,0,0,1,0,1
760,3,0,0,0,1,0
761,3,0,0,0,1,0
762,3,0,0,0,1,0
763,3,0,0,0,1,0
764,3,0,0,0,1,0
765,3,0,0,0,1,0
766,3,0,0,0,1,0
767,3,0,0,0,1,0
768,1,0,1,0,0,1
769,1,0,1,0,0,1
770,1,0,1,0,0,1
771,1,0,1,0,0,1
772,2,0,0,1,0,1
773,2,0,0,1,0,1
774,2,0,0,1,0,1
775,2,0,0,1,0,1
776,3,0,0,0,1,0
777,3,0,0,0,1,0
778,3,0,0,0,1,0
779,3,0,0,0,1,0
780,2,0,0,1,0,1
781,2,0,0,1,0,1
782,2,0,0,1,0,1
783,2,0,0,1,0,1
784,2,0,0,1,0,1
785,2,0,0,1,0,1
786,2,0,0,1,0,1
787,2,0,0,1,0,1
788,3,0,0,0,1,0
789,3,0,0,0,1,0
790,3,0,0,0,1,0
791,3,0,0,0,1,0
792,3,0,0,0,1,0
793,3,0,0,0,1,0
794,3,0,0,0,1,0
795,3,0,0,0,1,0
796,2,0,0,1,0,1
797,2,0,0,1,0,1
798,2,0,0,1,0,1
799,2,0,0,1,0,1
800,2,0,0,1,0,1
801,2,0,0,1,0,1
802,2,0,0,1,0,1
803,2,0,0,1,0,1
804,0,1,0,0,0,1
805,0,1,0,0,0,1
806,0,1,0,0,0,1
807,0,1,0,0,0,1
808,2,0,0,1,0,1
809,2,0,0,1,0,1
810,2,0,0,1,0,1
811,2,0,0,1,0,1
812,3,0,0,0,1,0
813,3,0,0,0,1,0
814,3,0,0,0,1,0
815,3,0,0,0,1,0
816,0,1,0,0,0,1
817,0,1,0,0,0,1
818,0,1,0,0,0,1
819,0,1,0,0,0,1
820,2,0,0,1,0,1
821,2,0,0,1,0,1
822,2,0,0,1,0,1
823,2,0,0,1,0,1
824,3,0,0,0,1,0
825,3,0,0,0,1,0
826,3,0,0,0,1,0
827,3,0,0,0,1,0
828,0,1,0,0,0,1
829,0,1,0,0,0,1
830,0,1,0,0,0,1
831,0,1,0,0,0,1
832,3,0,0,0,1,0
833,3,0,0,0,1,0
834,3,0,0,0,1,0
835,3,0,0,0,1,0
836,0,1,0,0,0,1
837,0,1,0,0,0,1
838,0,1,0,0,0,1
839,0,1,0,0,0,1
840,1,0,1,0,0,1
841,1,0,1,0,0,1
842,1,0,1,0,0,1
843,1,0,1,0,0,1
844,3,0,0,0,1,0
845,3,0,0,0,1,0
846,3,0,0,0,1,0
847,3,0,0,0,1,0
848,3,0,0,0,1,0
849,3,0,0,0,1,0
850,3,0,0,0,1,0
851,3,0,0,0,1,0
852,0,1,0,0,0,1
853,0,1,0,0,0,1
854,0,1,0,0,0,1
855,0,1,0,0,0,1
856,0,1,0,0,0,1
857,0,1,0,0,0,1
858,0,1,0,0,0,1
859,0,1,0,0,0,1
860,3,0,0,0,1,0
861,3,0,0,0,1,0
862,3,0,0,0,1,0
863,3,0,0,0,1,0
864,0,1,0,0,0,1
865,0,1,0,0,0,1
866,0,1,0,0,0,1
867,0,1,0,0,0,1
868,3,0,0,0,1,0
869,3,0,0,0,1,0
870,3,0,0,0,1,0
871,3,0,0,0,1,0
872,0,1,0,0,0,1
873,0,1,0,0,0,1
874,0,1,0,0,0,1
875,0,1,0,0,0,1
876,0,1,1,0,0,2
877,0,1,1,0,0,2
878,0,1,1,0,0,2
879,0,1,1,0,0,2
880,0,1,1,0,0,2
881,0,1,1,0,0,2
882,0,1,1,0,0,2
883,0,1,1,0,0,2
884,1,0,1,0,0,1
885,1,0,1,0,0,1
886,1,0,1,0,0,1
887,1,0,1,0,0,1
888,0,1,0,0,0,1
889,0,1,0,0,0,1
890,0,1,0,0,0,1
891,0,1,0,0,0,1
892,0,1,0,0,0,1
893,0,1,0,0,0,1
894,0,1,0,0,0,1
895,0,1,0,0,0,1
896,1,0,1,0,0,1
897,1,0,1,0,0,1
898,1,0,1,0,0,1
899,1,0,1,0,0,1
900,1,0,1,0,0,1
901,1,0,1,0,0,1
902,1,0,1,0,0,1
903,1,0,1,0,0,1
904,3,0,0,0,1,0
905,3,0,0,0,1,0
906,3,0,0,0,1,0
907,3,0,0,0,1,0
908,0,1,0,0,0,1
909,0,1,0,0,0,1
910,0,1,0,0,0,1
911,0,1,0,0,0,1
912,0,1,0,0,0,1
913,0,1,0,0,0,1
914,0,1,0,0,0,1
915,0,1,0,0,0,1
916,3,0,0,0,1,0
917,3,0,0,0,1,0
918,3,0,0,0,1,0
919,3,0,0,0,1,0
920,3,0,0,0,1,0
921,3,0,0,0,1,0
922,3,0,0,0,1,0
923,3,0,0,0,1,0
924,3,0,0,0,1,0
925,3,0,0,0,1,0
926,3,0,0,0,1,0
927,3,0,0,0,1,0
928,0,1,0,0,0,1
929,0,1,0,0,0,1
930,0,1,0,0,0,1
931,0,1,0,0,0,1
932,3,0,0,0,1,0
933,3,0,0,0,1,0
934,3,0,0,0,1,0
935,3,0,0,0,1,0
936,0,1,1,0,0,2
937,0,1,1,0,0,2
938,0,1,1,0,0,2
939,0,1,1,0,0,2
940,3,0,0,0,1,0
941,3,0,0,0,1,0
942,3,0,0,0,1,0
943,3,0,0,0,1,0
944,1,0,1,0,0,1
945,1,0,1,0,0,1
946,1,0,1,0,0,1
947,1,0,1,0,0,1
948,0,1,0,0,0,1
949,0,1,0,0,0,1
950,0,1,0,0,0,1
951,0,1,0,0,0,1
952,0,1,0,0,0,1
953,0,1,0,0,0,1
954,0,1,0,0,0,1
955,0,1,0,0,0,1
956,0,1,0,0,0,1
957,0,1,0,0,0,1
958,0,1,0,0,0,1
959,0,1,0,0,0,1
960,1,0,1,0,0,1
961,1,0,1,0,0,1
962,1,0,1,0,0,1
963,1,0,1,0,0,1
964,3,0,0,0,1,0
965,3,0,0,0,1,0
966,3,0,0,0,1,0
967,3,0,0,0,1,0
968,1,0,1,0,0,1
969,1,0,1,0,0,1
970,1,0,1,0,0,1
971,1,0,1,0,0,1
972,0,1,0,0,0,1
973,0,1,0,0,0,1
974,0,1,0,0,0,1
975,0,1,0,0,0,1
976,0,1,0,0,0,1
977,0,1,0,0,0,1
978,0,1,0,0,0,1
979,0,1,0,0,0,1
980,0,1,0,0,0,1
981,0,1,0,0,0,1
982,0,1,0,0,0,1
983,0,1,0,0,0,1
984,0,1,0,0,0,1
985,0,1,0,0,0,1
986,0,1,0,0,0,1
987,0,1,0,0,0,1
988,0,1,1,0,0,2
989,0,1,1,0,0,2
990,0,1,1,0,0,2
991,0,1,1,0,0,2
992,0,1,0,0,0,1
993,0,1,0,0,0,1
994,0,1,0,0,0,1
995,0,1,0,0,0,1
996,3,0,0,0,1,0
997,3,0,0,0,1,0
998,3,0,0,0,1,0
999,3,0,0,0,1,0
1000,0,1,0,0,0,1
1001,0,1,0,0,0,1
1002,0,1,0,0,0,1
1003,0,1,0,0,0,1
1004,3,0,0,0,1,0
1005,3,0,0,0,1,0
1006,3,0,0,0,1,0
1007,3,0,0,0,1,0
1008,0,1,0,0,0,1
1009,0,1,0,0,0,1
1010,0,1,0,0,0,1
1011,0,1,0,0,0,1
1012,3,0,0,0,1,0
1013,3,0,0,0,1,0
1014,3,0,0,0,1,0
1015,3,0,0,0,1,0
1016,3,0,0,0,1,0
1017,3,0,0,0,1,0
1018,3,0,0,0,1,0
1019,3,0,0,0,1,0
1020,0,1,1,0,0,2
1021,0,1,1,0,0,2
1022,0,1,1,0,0,2
1023,0,1,1,0,0,2
1024,0,1,0,0,0,1
1025,0,1,0,0,0,1
1026,0,1,0,0,0,1
1027,0,1,0,0,0,1
1028,1,0,1,0,0,1
1029,1,0,1,0,0,1
1030,1,0,1,0,0,1
1031,1,0,1,0,0,1
1032,0,1,0,0,0,1
1033,0,1,0,0,0,1
1034,0,1,0,0,0,1
1035,0,1,0,0,0,1
1036,3,0,0,0,1,0
1037,3,0,0,0,1,0
1038,3,0,0,0,1,0
1039,3,0,0,0,1,0
1040,1,0,1,0,0,1
1041,1,0,1,0,0,1
1042,1,0,1,0,0,1
1043,1,0,1,0,0,1
1044,0,1,0,0,0,1
1045,0,1,0,0,0,1
1046,0,1,0,0,0,1
1047,0,1,0,0,0,1
1048,3,0,0,0,1,0
1049,3,0,0,0,1,0
1050,3,0,0,0,1,0
1051,3,0,0,0,1,0
1052,0,1,0,0,0,1
1053,0,1,0,0,0,1
1054,0,1,0,0,0,1
1055,0,1,0,0,0,1
1056,3,0,0,0,1,0
1057,3,0,0,0,1,0
1058,3,0,0,0,1,0
1059,3,0,0,0,1,0
1060,3,0,0,0,1,0
1061,3,0,0,0,1,0
1062,3,0,0,0,1,0
1063,3,0,0,0,1,0
1064,3,0,0,0,1,0
1065,3,0,0,0,1,0
1066,3,0,0,0,1,0
1067,3,0,0,0,1,0
1068,0,1,0,0,0,1
1069,0,1,0,0,0,1
1070,0,1,0,0,0,1
1071,0,1,0,0,0,1
1072,0,1,0,0,0,1
1073,0,1,0,0,0,1
1074,0,1,0,0,0,1
1075,0,1,0,0,0,1
1076,3,0,0,0,1,0
1077,3,0,0,0,1,0
1078,3,0,0,0,1,0
1079,3,0,0,0,1,0
1080,0,1,0,0,0,1
1081,0,1,0,0,0,1
1082,0,1,0,0,0,1
1083,0,1,0,0,0,1
1084,0,1,0,0,0,1
1085,0,1,0,0,0,1
1086,0,1,0,0,0,1
1087,0,1,0,0,0,1
1088,1,0,1,0,0,1
1089,1,0,1,0,0,1
1090,1,0,1,0,0,1
1091,1,0,1,0,0,1
1092,0,1,0,0,0,1
1093,0,1,0,0,0,1
1094,0,1,0,0,0,1
1095,0,1,0,0,0,1
1096,3,0,0,0,1,0
1097,3,0,0,0,1,0
1098,3,0,0,0,1,0
1099,3,0,0,0,1,0
1300,0,1,0,0,0,1
1301,0,1,0,0,0,1
1302,0,1,0,0,0,1
1303,0,1,0,0,0,1
1304,3,0,0,0,1,0
1305,3,0,0,0,1,0
1306,3,0,0,0,1,0
1307,3,0,0,0,1,0
1308,0,1,0,0,0,1
1309,0,1,0,0,0,1
1310,0,1,0,0,0,1
1311,0,1,0,0,0,1
1312,0,1,0,0,0,1
1313,0,1,0,0,0,1
1314,0,1,0,0,0,1
1315,0,1,0,0,0,1
1316,3,0,0,0,1,0
1317,3,0,0,0,1,0
1318,3,0,0,0,1,0
1319,3,0,0,0,1,0
1320,0,1,0,0,0,1
1321,0,1,0,0,0,1
1322,0,1,0,0,0,1
1323,0,1,0,0,0,1
1324,3,0,0,0,1,0
1325,3,0,0,0,1,0
1326,3,0,0,0,1,0
1327,3,0,0,0,1,0
1328,0,1,0,0,0,1
1329,0,1,0,0,0,1
1330,0,1,0,0,0,1
1331,0,1,0,0,0,1
1332,3,0,0,0,1,0
1333,3,0,0,0,1,0
1334,3,0,0,0,1,0
1335,3,0,0,0,1,0
1336,0,1,0,0,0,1
1337,0,1,0,0,0,1
1338,0,1,0,0,0,1
1339,0,1,0,0,0,1
1340,0,1,0,0,0,1
1341,0,1,0,0,0,1
1342,0,1,0,0,0,1
1343,0,1,0,0,0,1
1344,0,1,0,0,0,1
1345,0,1,0,0,0,1
1346,0,1,0,0,0,1
1347,0,1,0,0,0,1
1348,1,0,1,0,0,1
1349,1,0,1,0,0,1
1350,1,0,1,0,0,1
1351,1,0,1,0,0,1
1352,0,1,0,0,0,1
1353,0,1,0,0,0,1
1354,0,1,0,0,0,1
1355,0,1,0,0,0,1
1356,0,1,0,0,0,1
1357,0,1,0,0,0,1
1358,0,1,0,0,0,1
1359,0,1,0,0,0,1
1360,0,1,1,0,0,2
1361,0,1,1,0,0,2
1362,0,1,1,0,0,2
1363,0,1,1,0,0,2
1364,3,0,0,0,1,0
1365,3,0,0,0,1,0
1366,3,0,0,0,1,0
1367,3,0,0,0,1,0
1368,3,0,0,0,1,0
1369,3,0,0,0,1,0
1370,3,0,0,0,1,0
1371,3,0,0,0,1,0
1372,1,0,1,0,0,1
1373,1,0,1,0,0,1
1374,1,0,1,0,0,1
1375,1,0,1,0,0,1
1376,0,1,0,0,0,1
1377,0,1,0,0,0,1
1378,0,1,0,0,0,1
1379,0,1,0,0,0,1
1380,3,0,0,0,1,0
1381,3,0,0,0,1,0
1382,3,0,0,0,1,0
1383,3,0,0,0,1,0
1384,3,0,0,0,1,0
1385,3,0,0,0,1,0
1386,3,0,0,0,1,0
1387,3,0,0,0,1,0
1388,3,0,0,0,1,0
1389,3,0,0,0,1,0
1390,3,0,0,0,1,0
1391,3,0,0,0,1,0
1392,3,0,0,0,1,0
1393,3,0,0,0,1,0
1394,3,0,0,0,1,0
1395,3,0,0,0,1,0
1396,3,0,0,0,1,0
1397,3,0,0,0,1,0
1398,3,0,0,0,1,0
1399,3,0,0,0,1,0
1400,3,0,0,0,1,0
1401,3,0,0,0,1,0
1402,3,0,0,0,1,0
1403,3,0,0,0,1,0
1404,3,0,0,0,1,0
1405,3,0,0,0,1,0
1406,3,0,0,0,1,0
1407,3,0,0,0,1,0
1408,3,0,0,0,1,0
1409,3,0,0,0,1,0
1410,3,0,0,0,1,0
1411,3,0,0,0,1,0
1412,3,0,0,0,1,0
1413,3,0,0,0,1,0
1414,3,0,0,0,1,0
1415,3,0,0,0,1,0
1416,3,0,0,0,1,0
1417,3,0,0,0,1,0
1418,3,0,0,0,1,0
1419,3,0,0,0,1,0
1420,3,0,0,0,1,0
1421,3,0,0,0,1,0
1422,3,0,0,0,1,0
1423,3,0,0,0,1,0
1424,3,0,0,0,1,0
1425,3,0,0,0,1,0
1426,3,0,0,0,1,0
1427,3,0,0,0,1,0
1428,3,0,0,0,1,0
1429,3,0,0,0,1,0
1430,3,0,0,0,1,0
1431,3,0,0,0,1,0
1432,1,0,1,0,0,1
1433,1,0,1,0,0,1
1434,1,0,1,0,0,1
1435,1,0,1,0,0,1
1436,0,1,1,0,0,2
1437,0,1,1,0,0,2
1438,0,1,1,0,0,2
1439,0,1,1,0,0,2
1440,1,0,1,0,0,1
1441,1,0,1,0,0,1
1442,1,0,1,0,0,1
1443,1,0,1,0,0,1
1444,0,1,1,0,0,2
1445,0,1,1,0,0,2
1446,0,1,1,0,0,2
1447,0,1,1,0,0,2
1448,0,1,1,0,0,2
1449,0,1,1,0,0,2
1450,0,1,1,0,0,2
1451,0,1,1,0,0,2
1452,1,0,1,0,0,1
1453,1,0,1,0,0,1
1454,1,0,1,0,0,1
1455,1,0,1,0,0,1
1456,1,0,1,0,0,1
1457,1,0,1,0,0,1
1458,1,0,1,0,0,1
1459,1,0,1,0,0,1
1460,1,0,1,0,0,1
1461,1,0,1,0,0,1
1462,1,0,1,0,0,1
1463,1,0,1,0,0,1
1464,1,0,1,0,0,1
1465,1,0,1,0,0,1
1466,1,0,1,0,0,1
1467,1,0,1,0,0,1
1468,1,0,1,0,0,1
1469,1,0,1,0,0,1
1470,1,0,1,0,0,1
1471,1,0,1,0,0,1
1472,1,0,1,0,0,1
1473,1,0,1,0,0,1
1474,1,0,1,0,0,1
1475,1,0,1,0,0,1
1476,1,0,1,0,0,1
1477,1,0,1,0,0,1
1478,1,0,1,0,0,1
1479,1,0,1,0,0,1
1480,0,1,0,0,0,1
1481,0,1,0,0,0,1
1482,0,1,0,0,0,1
1483,0,1,0,0,0,1
1484,1,0,1,0,0,1
1485,1,0,1,0,0,1
1486,1,0,1,0,0,1
1487,1,0,1,0,0,1
1488,1,0,1,0,0,1
1489,1,0,1,0,0,1
1490,1,0,1,0,0,1
1491,1,0,1,0,0,1
1492,1,0,1,0,0,1
1493,1,0,1,0,0,1
1494,1,0,1,0,0,1
1495,1,0,1,0,0,1
1496,0,1,0,0,0,1
1497,0,1,0,0,0,1
1498,0,1,0,0,0,1
1499,0,1,0,0,0,1
1500,0,1,0,0,0,1
1501,0,1,0,0,0,1
1502,0,1,0,0,0,1
1503,0,1,0,0,0,1
1504,1,0,1,0,0,1
1505,1,0,1,0,0,1
1506,1,0,1,0,0,1
1507,1,0,1,0,0,1
1508,1,0,1,0,0,1
1509,1,0,1,0,0,1
1510,1,0,1,0,0,1
1511,1,0,1,0,0,1
1512,1,0,1,0,0,1
1513,1,0,1,0,0,1
1514,1,0,1,0,0,1
1515,1,0,1,0,0,1
1516,1,0,1,0,0,1
1517,1,0,1,0,0,1
1518,1,0,1,0,0,1
1519,1,0,1,0,0,1
1520,1,0,1,0,0,1
1521,1,0,1,0,0,1
1522,1,0,1,0,0,1
1523,1,0,1,0,0,1
1524,1,0,1,0,0,1
1525,1,0,1,0,0,1
1526,1,0,1,0,0,1
1527,1,0,1,0,0,1
1528,1,0,1,0,0,1
1529,1,0,1,0,0,1
1530,1,0,1,0,0,1
1531,1,0,1,0,0,1
1532,1,0,1,0,0,1
1533,1,0,1,0,0,1
1534,1,0,1,0,0,1
1535,1,0,1,0,0,1
1536,1,0,1,0,0,1
1537,1,0,1,0,0,1
1538,1,0,1,0,0,1
1539,1,0,1,0,0,1
1540,0,1,0,0,0,1
1541,0,1,0,0,0,1
1542,0,1,0,0,0,1
1543,0,1,0,0,0,1
1544,1,0,1,0,0,1
1545,1,0,1,0,0,1
1546,1,0,1,0,0,1
1547,1,0,1,0,0,1
1548,1,0,1,0,0,1
1549,1,0,1,0,0,1
1550,1,0,1,0,0,1
1551,1,0,1,0,0,1
1552,1,0,1,0,0,1
1553,1,0,1,0,0,1
1554,1,0,1,0,0,1
1555,1,0,1,0,0,1
1556,1,0,1,0,0,1
1557,1,0,1,0,0,1
1558,1,0,1,0,0,1
1559,1,0,1,0,0,1
1560,0,1,0,0,0,1
1561,0,1,0,0,0,1
1562,0,1,0,0,0,1
1563,0,1,0,0,0,1
1564,1,0,1,0,0,1
1565,1,0,1,0,0,1
1566,1,0,1,0,0,1
1567,1,0,1,0,0,1
1568,1,0,1,0,0,1
1569,1,0,1,0,0,1
1570,1,0,1,0,0,1
1571,1,0,1,0,0,1
1572,1,0,1,0,0,1
1573,1,0,1,0,0,1
1574,1,0,1,0,0,1
1575,1,0,1,0,0,1
1576,1,0,1,0,0,1
1577,1,0,1,0,0,1
1578,1,0,1,0,0,1
1579,1,0,1,0,0,1
1580,1,0,1,0,0,1
1581,1,0,1,0,0,1
1582,1,0,1,0,0,1
1583,1,0,1,0,0,1
1584,3,0,0,0,1,0
1585,3,0,0,0,1,0
1586,3,0,0,0,1,0
1587,3,0,0,0,1,0
1588,1,0,1,0,0,1
1589,1,0,1,0,0,1
1590,1,0,1,0,0,1
1591,1,0,1,0,0,1
1592,1,0,1,0,0,1
1593,1,0,1,0,0,1
1594,1,0,1,0,0,1
1595,1,0,1,0,0,1
1596,1,0,1,0,0,1
1597,1,0,1,0,0,1
1598,1,0,1,0,0,1
1599,1,0,1,0,0,1
64,0,1,0,0,0,1
65,0,1,0,0,0,1
66,0,1,0,0,0,1
67,0,1,0,0,0,1
68,0,1,0,0,0,1
69,0,1,0,0,0,1
70,0,1,0,0,0,1
71,0,1,0,0,0,1
72,0,1,0,0,0,1
73,0,1,0,0,0,1
74,0,1,0,0,0,1
75,0,1,0,0,0,1
76,0,1,0,0,0,1
77,0,1,0,0,0,1
78,0,1,0,0,0,1
79,0,1,0,0,0,1
80,0,1,0,0,0,1
81,0,1,0,0,0,1
82,0,1,0,0,0,1
83,0,1,0,0,0,1
84,0,1,0,0,0,1
85,0,1,0,0,0,1
86,0,1,0,0,0,1
87,0,1,0,0,0,1
88,0,1,0,0,0,1
89,0,1,0,0,0,1
90,0,1,0,0,0,1
91,0,1,0,0,0,1
92,0,1,0,0,0,1
93,0,1,0,0,0,1
94,0,1,0,0,0,1
95,0,1,0,0,0,1
96,0,1,0,0,0,1
97,0,1,0,0,0,1
98,0,1,0,0,0,1
99,0,1,0,0,0,1
500,2,0,0,1,0,1
501,2,0,0,1,0,1
502,2,0,0,1,0,1
503,2,0,0,1,0,1
504,2,0,0,1,0,1
505,2,0,0,1,0,1
506,2,0,0,1,0,1
507,2,0,0,1,0,1
508,2,0,0,1,0,1
509,2,0,0,1,0,1
510,2,0,0,1,0,1
511,2,0,0,1,0,1
512,2,0,0,1,0,1
513,2,0,0,1,0,1
514,2,0,0,1,0,1
515,2,0,0,1,0,1
516,2,0,0,1,0,1
517,2,0,0,1,0,1
518,2,0,0,1,0,1
519,2,0,0,1,0,1
520,2,0,0,1,0,1
521,2,0,0,1,0,1
522,2,0,0,1,0,1
523,2,0,0,1,0,1
524,2,0,0,1,0,1
525,2,0,0,1,0,1
526,2,0,0,1,0,1
527,2,0,0,1,0,1
528,2,0,0,1,0,1
529,2,0,0,1,0,1
530,2,0,0,1,0,1
531,2,0,0,1,0,1
532,2,0,0,1,0,1
533,2,0,0,1,0,1
534,2,0,0,1,0,1
535,2,0,0,1,0,1
536,2,0,0,1,0,1
537,2,0,0,1,0,1
538,2,0,0,1,0,1
539,2,0,0,1,0,1
540,2,0,0,1,0,1
541,2,0,0,1,0,1
542,2,0,0,1,0,1
543,2,0,0,1,0,1
544,2,0,0,1,0,1
545,2,0,0,1,0,1
546,2,0,0,1,0,1
547,2,0,0,1,0,1
548,2,0,0,1,0,1
549,2,0,0,1,0,1
550,2,0,0,1,0,1
551,2,0,0,1,0,1
552,2,0,0,1,0,1
553,2,0,0,1,0,1
554,2,0,0,1,0,1
555,2,0,0,1,0,1
556,2,0,0,1,0,1
557,2,0,0,1,0,1
558,2,0,0,1,0,1
559,2,0,0,1,0,1
560,2,0,0,1,0,1
561,2,0,0,1,0,1
562,2,0,0,1,0,1
563,2,0,0,1,0,1
564,2,0,0,1,0,1
565,2,0,0,1,0,1
566,2,0,0,1,0,1
567,2,0,0,1,0,1
568,2,0,0,1,0,1
569,2,0,0,1,0,1
570,2,0,0,1,0,1
571,2,0,0,1,0,1
572,2,0,0,1,0,1
573,2,0,0,1,0,1
574,2,0,0,1,0,1
575,2,0,0,1,0,1
576,2,0,0,1,0,1
577,2,0,0,1,0,1
578,2,0,0,1,0,1
579,2,0,0,1,0,1
580,2,0,0,1,0,1
581,2,0,0,1,0,1
582,2,0,0,1,0,1
583,2,0,0,1,0,1
584,3,0,0,0,1,0
585,3,0,0,0,1,0
586,3,0,0,0,1,0
587,3,0,0,0,1,0
588,2,0,0,1,0,1
589,2,0,0,1,0,1
590,2,0,0,1,0,1
591,2,0,0,1,0,1
592,2,0,0,1,0,1
593,2,0,0,1,0,1
594,2,0,0,1,0,1
595,2,0,0,1,0,1
596,2,0,0,1,0,1
597,2,0,0,1,0,1
598,2,0,0,1,0,1
599,2,0,0,1,0,1
1100,0,1,0,0,0,1
1101,0,1,0,0,0,1
1102,0,1,0,0,0,1
1103,0,1,0,0,0,1
1104,0,1,1,0,0,2
1105,0,1,1,0,0,2
1106,0,1,1,0,0,2
1107,0,1,1,0,0,2
1108,0,1,0,0,0,1
1109,0,1,0,0,0,1
1110,0,1,0,0,0,1
1111,0,1,0,0,0,1
1112,0,1,0,0,0,1
1113,0,1,0,0,0,1
1114,0,1,0,0,0,1
1115,0,1,0,0,0,1
1116,3,0,0,0,1,0
1117,3,0,0,0,1,0
1118,3,0,0,0,1,0
1119,3,0,0,0,1,0
1120,1,0,1,0,0,1
1121,1,0,1,0,0,1
1122,1,0,1,0,0,1
1123,1,0,1,0,0,1
1124,3,0,0,0,1,0
1125,3,0,0,0,1,0
1126,3,0,0,0,1,0
1127,3,0,0,0,1,0
1128,0,1,0,0,0,1
1129,0,1,0,0,0,1
1130,0,1,0,0,0,1
1131,0,1,0,0,0,1
1132,0,1,0,0,0,1
1133,0,1,0,0,0,1
1134,0,1,0,0,0,1
1135,0,1,0,0,0,1
1136,0,1,0,0,0,1
1137,0,1,0,0,0,1
1138,0,1,0,0,0,1
1139,0,1,0,0,0,1
1140,0,1,1,0,0,2
1141,0,1,1,0,0,2
1142,0,1,1,0,0,2
1143,0,1,1,0,0,2
1144,3,0,0,0,1,0
1145,3,0,0,0,1,0
1146,3,0,0,0,1,0
1147,3,0,0,0,1,0
1148,0,1,0,0,0,1
1149,0,1,0,0,0,1
1150,0,1,0,0,0,1
1151,0,1,0,0,0,1
1152,0,1,0,0,0,1
1153,0,1,0,0,0,1
1154,0,1,0,0,0,1
1155,0,1,0,0,0,1
1156,0,1,0,0,0,1
1157,0,1,0,0,0,1
1158,0,1,0,0,0,1
1159,0,1,0,0,0,1
1160,3,0,0,0,1,0
1161,3,0,0,0,1,0
1162,3,0,0,0,1,0
1163,3,0,0,0,1,0
1164,3,0,0,0,1,0
1165,3,0,0,0,1,0
1166,3,0,0,0,1,0
1167,3,0,0,0,1,0
1168,3,0,0,0,1,0
1169,3,0,0,0,1,0
1170,3,0,0,0,1,0
1171,3,0,0,0,1,0
1172,3,0,0,0,1,0
1173,3,0,0,0,1,0
1174,3,0,0,0,1,0
1175,3,0,0,0,1,0
1176,3,0,0,0,1,0
1177,3,0,0,0,1,0
1178,3,0,0,0,1,0
1179,3,0,0,0,1,0
1180,3,0,0,0,1,0
1181,3,0,0,0,1,0
1182,3,0,0,0,1,0
1183,3,0,0,0,1,0
1184,3,0,0,0,1,0
1185,3,0,0,0,1,0
1186,3,0,0,0,1,0
1187,3,0,0,0,1,0
1188,3,0,0,0,1,0
1189,3,0,0,0,1,0
1190,3,0,0,0,1,0
1191,3,0,0,0,1,0
1192,3,0,0,0,1,0
1193,3,0,0,0,1,0
1194,3,0,0,0,1,0
1195,3,0,0,0,1,0
1196,3,0,0,0,1,0
1197,3,0,0,0,1,0
1198,3,0,0,0,1,0
1199,3,0,0,0,1,0
1200,3,0,0,0,1,0
1201,3,0,0,0,1,0
1202,3,0,0,0,1,0
1203,3,0,0,0,1,0
1204,3,0,0,0,1,0
1205,3,0,0,0,1,0
1206,3,0,0,0,1,0
1207,3,0,0,0,1,0
1208,3,0,0,0,1,0
1209,3,0,0,0,1,0
1210,3,0,0,0,1,0
1211,3,0,0,0,1,0
1212,3,0,0,0,1,0
1213,3,0,0,0,1,0
1214,3,0,0,0,1,0
1215,3,0,0,0,1,0
1216,3,0,0,0,1,0
1217,3,0,0,0,1,0
1218,3,0,0,0,1,0
1219,3,0,0,0,1,0
1220,3,0,0,0,1,0
1221,3,0,0,0,1,0
1222,3,0,0,0,1,0
1223,3,0,0,0,1,0
1224,3,0,0,0,1,0
1225,3,0,0,0,1,0
1226,3,0,0,0,1,0
1227,3,0,0,0,1,0
1228,3,0,0,0,1,0
1229,3,0,0,0,1,0
1230,3,0,0,0,1,0
1231,3,0,0,0,1,0
1232,0,1,0,0,0,1
1233,0,1,0,0,0,1
1234,0,1,0,0,0,1
1235,0,1,0,0,0,1
1236,3,0,0,0,1,0
1237,3,0,0,0,1,0
1238,3,0,0,0,1,0
1239,3,0,0,0,1,0
1240,3,0,0,0,1,0
1241,3,0,0,0,1,0
1242,3,0,0,0,1,0
1243,3,0,0,0,1,0
1244,0,1,0,0,0,1
1245,0,1,0,0,0,1
1246,0,1,0,0,0,1
1247,0,1,0,0,0,1
1248,0,1,0,0,0,1
1249,0,1,0,0,0,1
1250,0,1,0,0,0,1
1251,0,1,0,0,0,1
1252,1,0,1,0,0,1
1253,1,0,1,0,0,1
1254,1,0,1,0,0,1
1255,1,0,1,0,0,1
1256,0,1,0,0,0,1
1257,0,1,0,0,0,1
1258,0,1,0,0,0,1
1259,0,1,0,0,0,1
1260,0,1,0,0,0,1
1261,0,1,0,0,0,1
1262,0,1,0,0,0,1
1263,0,1,0,0,0,1
1264,0,1,0,0,0,1
1265,0,1,0,0,0,1
1266,0,1,0,0,0,1
1267,0,1,0,0,0,1
1268,0,1,0,0,0,1
1269,0,1,0,0,0,1
1270,0,1,0,0,0,1
1271,0,1,0,0,0,1
1272,0,1,0,0,0,1
1273,0,1,0,0,0,1
1274,0,1,0,0,0,1
1275,0,1,0,0,0,1
1276,0,1,0,0,0,1
1277,0,1,0,0,0,1
1278,0,1,0,0,0,1
1279,0,1,0,0,0,1
1280,0,1,1,0,0,2
1281,0,1,1,0,0,2
1282,0,1,1,0,0,2
1283,0,1,1,0,0,2
1284,0,1,0,0,0,1
1285,0,1,0,0,0,1
1286,0,1,0,0,0,1
1287,0,1,0,0,0,1
1288,3,0,0,0,1,0
1289,3,0,0,0,1,0
1290,3,0,0,0,1,0
1291,3,0,0,0,1,0
1292,0,1,0,0,0,1
1293,0,1,0,0,0,1
1294,0,1,0,0,0,1
1295,0,1,0,0,0,1
1296,3,0,0,0,1,0
1297,3,0,0,0,1,0
1298,3,0,0,0,1,0
1299,3,0,0,0,1,0
1600,1,0,1,0,0,1
1601,1,0,1,0,0,1
1602,1,0,1,0,0,1
1603,1,0,1,0,0,1
1604,1,0,1,0,0,1
1605,1,0,1,0,0,1
1606,1,0,1,0,0,1
1607,1,0,1,0,0,1
1608,1,0,1,0,0,1
1609,1,0,1,0,0,1
1610,1,0,1,0,0,1
1611,1,0,1,0,0,1
1612,1,0,1,0,0,1
1613,1,0,1,0,0,1
1614,1,0,1,0,0,1
1615,1,0,1,0,0,1
1616,1,0,1,0,0,1
1617,1,0,1,0,0,1
1618,1,0,1,0,0,1
1619,1,0,1,0,0,1
1620,1,0,1,0,0,1
1621,1,0,1,0,0,1
1622,1,0,1,0,0,1
1623,1,0,1,0,0,1
1624,3,0,0,0,1,0
1625,3,0,0,0,1,0
1626,3,0,0,0,1,0
1627,3,0,0,0,1,0
1628,3,0,0,0,1,0
1629,3,0,0,0,1,0
1630,3,0,0,0,1,0
1631,3,0,0,0,1,0
1632,1,0,1,0,0,1
1633,1,0,1,0,0,1
1634,1,0,1,0,0,1
1635,1,0,1,0,0,1
1636,1,0,1,0,0,1
1637,1,0,1,0,0,1
1638,1,0,1,0,0,1
1639,1,0,1,0,0,1
1640,1,0,1,0,0,1
1641,1,0,1,0,0,1
1642,1,0,1,0,0,1
1643,1,0,1,0,0,1
1644,1,0,1,0,0,1
1645,1,0,1,0,0,1
1646,1,0,1,0,0,1
1647,1,0,1,0,0,1
1648,1,0,1,0,0,1
1649,1,0,1,0,0,1
1650,1,0,1,0,0,1
1651,1,0,1,0,0,1
1652,1,0,1,0,0,1
1653,1,0,1,0,0,1
1654,1,0,1,0,0,1
1655,1,0,1,0,0,1
1656,3,0,0,0,1,0
1657,3,0,0,0,1,0
1658,3,0,0,0,1,0
1659,3,0,0,0,1,0
1660,1,0,1,0,0,1
1661,1,0,1,0,0,1
1662,1,0,1,0,0,1
1663,1,0,1,0,0,1
